name,email
Aditya0,Aditya0@test.org
Aditya1,Aditya1@mail.com
Rohan2,Rohan2@test.org
Priya3,Priya3@test.org
Aarav4,Aarav4@test.org
Aditya5,Aditya5@test.org
Priya6,Priya6@mail.com
Rahul7,Rahul7@test.org
Aditya8,Aditya8@example.com
Aarav9,Aarav9@test.org
Aditya10,Aditya10@test.org
Ananya11,Ananya11@test.org
Rahul12,Rahul12@test.org
Aditya13,Aditya13@mail.com
Priya14,Priya14@test.org
Ananya15,Ananya15@test.org
Arjun16,Arjun16@example.com
Arjun17,Arjun17@mail.com
Priya18,Priya18@test.org
Rahul19,Rahul19@test.org
Priya20,Priya20@test.org
Priya21,Priya21@mail.com
Aditya22,Aditya22ATmail.com
Rahul23,Rahul23@example.com
Rahul24,Rahul24@test.org
Rohan25,Rohan25@mail.com
Aditya26,Aditya26@test.org
Ananya27,Ananya27@test.org
Rohan28,Rohan28@mail.com
Ananya29,Ananya29@test.org
Ananya30,Ananya30@test.org
Rahul31,Rahul31@mail.com
Rahul32,Rahul32@test.org
Rahul33,Rahul33@test.org
Aditya34,Aditya34@test.org
Vikram35,Vikram35@test.org
Aarav36,Aarav36@mail.com
Arjun37,Arjun37@mail.com
Aditya38,Aditya38@mail.com
Arjun39,
Rohan40,Rohan40@mail.com
Aditya41,Aditya41@example.com
Vikram42,Vikram42@mail.com
Rahul43,Rahul43ATexample.com
Priya44,Priya44@example.com
Aditya45,Aditya45@test.org
Ananya46,Ananya46@test.org
Rahul47,Rahul47@example.com
Arjun48,Arjun48@example.com
Priya49,Priya49@mail.com
